action, time
Sign in, 2022-04-28 19:57:05.320823
Sign in, 2022-04-28 20:01:19.899095
Sign up as a, 2022-04-28 20:28:38.413212
Sign up as a, 2022-04-28 20:30:51.399581
Sign up as a, 2022-04-28 20:33:43.199161
Sign up as a, 2022-04-28 20:34:24.776473
Sign up as a, 2022-04-28 20:34:58.296776
Sign in as a, 2022-04-28 20:35:57.089998
Sign in as admin@gmail.com, 2022-04-28 21:42:52.920512
Add a library, 2022-04-28 21:42:56.540618
Add book, 2022-04-28 21:43:07.262636
Sign in as admin@gmail.com, 2022-04-28 21:43:35.558791
Add a library, 2022-04-28 21:43:37.448445
Add offer, 2022-04-28 21:43:43.084072
Add book, 2022-04-28 21:43:52.860856
List libraries, 2022-04-28 21:44:10.44676
List one library, 2022-04-28 21:44:14.475551
Sign in as admin@gmail.com, 2022-04-28 21:48:53.737181
Add a library, 2022-04-28 21:48:55.572001
Add book, 2022-04-28 21:49:01.006484
Sign in as admin@gmail.com, 2022-04-28 21:57:54.813677
Add a library, 2022-04-28 21:57:57.403855
List one library, 2022-04-28 21:58:19.76484
List libraries, 2022-04-28 21:58:43.898933
Sign in as admin@gmail.com, 2022-04-28 22:05:29.584828
Add a library, 2022-04-28 22:05:31.114223
Add a library, 2022-04-28 22:05:36.198688
Sign out, 2022-04-28 22:05:43.868898
Sign in as andreeag@gmail.com, 2022-04-28 22:05:54.427773
List libraries, 2022-04-28 22:05:58.304342
Add order, 2022-04-28 22:06:05.156734
Sign in as admin@gmail.com, 2022-04-28 23:53:07.653153
Add a library, 2022-04-28 23:53:10.360625
Add a library, 2022-04-28 23:53:30.255879
Add a library, 2022-04-28 23:54:06.858374
Add offer, 2022-04-28 23:54:33.325886
List one library, 2022-04-28 23:55:08.375544
Sign out, 2022-04-28 23:55:49.68925
Sign in as andreeag@gmail.com, 2022-04-28 23:55:59.985656
Add order, 2022-04-28 23:56:03.566793
Sign in as admin@gmail.com, 2022-04-29 00:00:15.344095
Add a library, 2022-04-29 00:00:35.572913
Add offer, 2022-04-29 00:01:02.603482
Sign out, 2022-04-29 00:01:44.517416
Sign in as andreeag@gmail.com, 2022-04-29 00:01:56.104826
Add order, 2022-04-29 00:01:58.898627
Sign in as admin@gmail.com, 2022-04-29 00:03:33.696903
Add a library, 2022-04-29 00:03:35.604701
Add offer, 2022-04-29 00:03:45.515254
Sign out, 2022-04-29 00:04:02.632755
Sign in as andreeag@gmail.com, 2022-04-29 00:04:11.158587
Add order, 2022-04-29 00:04:13.84623
Sign in as admin@gmail.com, 2022-04-29 00:05:34.282793
Add a library, 2022-04-29 00:05:37.05286
Add offer, 2022-04-29 00:05:49.592241
Sign out, 2022-04-29 00:06:04.157542
Sign in as andreeag@gmail.com, 2022-04-29 00:06:14.086414
Add order, 2022-04-29 00:06:17.930149
Sign in as admin@gmail.com, 2022-04-29 00:27:33.385324
Add a library, 2022-04-29 00:27:35.93877
Add book, 2022-04-29 00:27:44.446157
Sign in as admin@gmail.com, 2022-04-29 00:28:38.039849
Add a library, 2022-04-29 00:28:39.959841
Add book, 2022-04-29 00:28:48.009882
Sign in as admin@gmail.com, 2022-04-29 00:38:12.241493
Add a library, 2022-04-29 00:38:14.644361
Add book, 2022-04-29 00:38:30.545017
Sign in as admin@gmail.com, 2022-04-29 00:43:13.677784
Add a library, 2022-04-29 00:43:15.432591
Add book, 2022-04-29 00:43:24.536108
Sign in as admin@gmail.com, 2022-04-29 00:44:15.630213
Add a library, 2022-04-29 00:44:17.378398
Add book, 2022-04-29 00:44:24.154118
Sign in as admin@gmail.com, 2022-04-29 00:47:41.028102
Add a library, 2022-04-29 00:47:42.656158
Add book, 2022-04-29 00:47:48.575431
Sign in as admin@gmail.com, 2022-04-29 00:49:01.95478
Add a library, 2022-04-29 00:49:03.990503
Add book, 2022-04-29 00:49:08.794737
Sign in as admin@gmail.com, 2022-04-29 00:50:19.723935
Add a library, 2022-04-29 00:50:21.140591
Add book, 2022-04-29 00:50:28.632625
Sign in as admin@gmail.com, 2022-04-29 00:51:34.219784
Add a library, 2022-04-29 00:51:38.843463
Add book, 2022-04-29 00:51:52.30205
Sign in as admin@gmail.com, 2022-04-29 00:52:43.843657
Add a library, 2022-04-29 00:52:45.772715
Add book, 2022-04-29 00:52:50.649855
Sign in as admin@gmail.com, 2022-04-29 01:47:04.2367
Add a library, 2022-04-29 01:47:07.036199
Sign in as admin@gmail.com, 2022-04-29 02:30:39.260766
Add book, 2022-04-29 02:30:46.908559
Add book, 2022-04-29 02:31:10.732568
Add book, 2022-04-29 02:31:22.097106
Add a library, 2022-04-29 02:31:47.959687
Sign in as admin@gmail.com, 2022-04-29 02:42:31.333689
Add a library, 2022-04-29 02:42:32.814546
List libraries, 2022-04-29 02:42:52.31667
Sign in as admin@gmail.com, 2022-04-29 02:45:55.373946
Add a library, 2022-04-29 02:45:56.791787
List libraries, 2022-04-29 02:46:09.030299
Add a library, 2022-04-29 02:46:12.375175
List one library, 2022-04-29 02:46:34.823824
Add a library, 2022-04-29 02:46:41.955939
Sign in as admin@gmail.com, 2022-04-29 02:56:07.306194
Add a library, 2022-04-29 02:56:09.342063
Add a library, 2022-04-29 02:56:24.615487
Add book, 2022-04-29 02:57:50.616676
Add book, 2022-04-29 02:58:46.139537
Add offer, 2022-04-29 02:58:59.248154
Sign out, 2022-04-29 02:59:26.460761
Sign in as a, 2022-04-29 02:59:31.00384
List libraries, 2022-04-29 02:59:33.900123
Rate a library, 2022-04-29 02:59:40.304293
Sign in as admin@gmail.com, 2022-04-29 03:03:29.302404
Add a library, 2022-04-29 03:03:30.993578
Add a library, 2022-04-29 03:04:02.243701
Add offer, 2022-04-29 03:04:22.715195
Sign out, 2022-04-29 03:04:41.090095
Sign in as a, 2022-04-29 03:04:45.068354
Rate a library, 2022-04-29 03:04:47.509356
Sign in as admin@gmail.com, 2022-04-29 03:08:36.281019
Add a library, 2022-04-29 03:08:38.581167
Sign out, 2022-04-29 03:08:55.048199
Sign in as a, 2022-04-29 03:08:57.554669
Rate a library, 2022-04-29 03:09:00.235085
Sign in as admin@gmail.com, 2022-04-29 03:10:19.97988
Add a library, 2022-04-29 03:10:22.206528
Sign out, 2022-04-29 03:10:41.268473
Sign in as a, 2022-04-29 03:10:44.124651
Rate a library, 2022-04-29 03:10:46.237725
Sign in as admin@gmail.com, 2022-04-29 03:12:33.680744
Add a library, 2022-04-29 03:12:35.407529
Sign out, 2022-04-29 03:12:47.060555
Sign in as a, 2022-04-29 03:12:49.21648
Rate a library, 2022-04-29 03:12:50.742811
Sign in as admin@gmail.com, 2022-04-29 03:16:56.92605
Remove library, 2022-04-29 03:16:58.409002
Sign in as admin@gmail.com, 2022-04-29 03:18:25.029555
Add a library, 2022-04-29 03:18:26.73014
Add offer, 2022-04-29 03:18:39.151969
Sign out, 2022-04-29 03:19:04.453109
Sign in as a, 2022-04-29 03:19:08.92325
Rate a library, 2022-04-29 03:19:12.309534
Print sorted libraries, 2022-04-29 03:19:30.457682
Add order, 2022-04-29 03:19:42.320703
Sign in as admin@gmail.com, 2022-04-29 03:48:15.525309
Add a library, 2022-04-29 03:48:17.641446
Sign in as admin@gmail.com, 2022-04-29 03:48:52.269166
Add a library, 2022-04-29 03:48:53.873334
Sign in as admin@gmail.com, 2022-04-29 03:49:57.909318
Add a library, 2022-04-29 03:49:59.079774
Sign out, 2022-04-29 03:50:30.74937
Sign in as a, 2022-04-29 03:50:33.145052
Add order, 2022-04-29 03:50:35.938044
Sign in as admin@gmail.com, 2022-04-29 03:53:59.330567
Add a library, 2022-04-29 03:54:01.380894
Sign out, 2022-04-29 03:54:23.479073
Sign in as a, 2022-04-29 03:54:25.884964
Add order, 2022-04-29 03:54:26.705778
Cancel order, 2022-04-29 03:57:42.132692
Sign in as admin@gmail.com, 2022-04-29 16:01:55.332642
Add a library, 2022-04-29 16:01:57.207787
Add book, 2022-04-29 16:02:08.071436
Sign in as admin@gmail.com, 2022-04-29 16:12:10.159923
Add book, 2022-04-29 16:12:10.861623
Sign in as admin@gmail.com, 2022-04-29 17:01:44.537544
Add a library, 2022-04-29 17:01:50.580364
Add a library, 2022-04-29 17:02:08.138469
Add a library, 2022-04-29 17:03:30.024545
Add book, 2022-04-29 17:04:04.068581
Add book to library, 2022-04-29 17:04:25.462676
Remove book, 2022-04-29 17:04:42.691819
Add offer, 2022-04-29 17:05:43.735467
List libraries, 2022-04-29 17:06:29.393653
List one library, 2022-04-29 17:06:31.791811
Sign out, 2022-04-29 17:06:36.627183
Sign in as a, 2022-04-29 17:06:40.174348
Rate a library, 2022-04-29 17:06:46.407109
Rate a library, 2022-04-29 17:06:55.624756
Print sorted libraries, 2022-04-29 17:07:10.973673
Add order, 2022-04-29 17:07:23.597343
Sign in as admin@gmail.com, 2022-04-29 17:14:08.826382
Add a library, 2022-04-29 17:14:10.120552
Add a library, 2022-04-29 17:14:16.642515
Add a library, 2022-04-29 17:14:39.762267
Sign out, 2022-04-29 17:15:08.986325
Sign in as a, 2022-04-29 17:15:11.305901
Add order, 2022-04-29 17:15:13.220065
Add order, 2022-04-29 17:15:33.170652
Add order, 2022-04-29 17:16:08.417349
Cancel order, 2022-04-29 17:16:41.788285
Sign in as a, 2022-05-12 23:02:10.798508
Print sorted libraries, 2022-05-12 23:02:16.830481
Sign in as a, 2022-05-23 23:55:22.043677
Sign in as admin@gmail.com, 2022-05-23 23:57:55.770188
Remove book, 2022-05-23 23:58:11.826706
Sign in as admin@gmail.com, 2022-05-23 23:58:43.715217
Add a library, 2022-05-23 23:58:45.978775
Remove book, 2022-05-23 23:59:09.449235
List libraries, 2022-05-23 23:59:43.069063
Sign in as admin@gmail.com, 2022-05-24 00:40:43.626848
Remove book from library, 2022-05-24 00:40:49.5409
Add offer, 2022-05-24 00:41:01.441461
Sign in as admin@gmail.com, 2022-05-24 00:41:47.749526
Remove book from library, 2022-05-24 00:41:52.580272
Add offer, 2022-05-24 00:41:56.958796
Sign in as admin@gmail.com, 2022-05-24 00:44:14.571852
Remove book from library, 2022-05-24 00:44:17.407005
Add offer, 2022-05-24 00:44:31.022637
Sign in as admin@gmail.com, 2022-05-24 00:45:15.031242
Remove book from library, 2022-05-24 00:45:16.151874
Sign in as admin@gmail.com, 2022-05-24 00:47:29.789694
Remove book from library, 2022-05-24 00:47:31.481533
Sign in as admin@gmail.com, 2022-05-24 00:48:15.676976
Remove book from library, 2022-05-24 00:48:21.71635
Sign in as admin@gmail.com, 2022-05-24 00:48:57.653744
Remove book from library, 2022-05-24 00:48:59.384052
Add book to library, 2022-05-24 00:49:54.260805
Sign in as admin@gmail.com, 2022-05-24 00:51:31.842212
Remove book from library, 2022-05-24 00:51:35.435586
Sign in as admin@gmail.com, 2022-05-24 00:52:06.829233
Remove book from library, 2022-05-24 00:52:08.385843
Sign in as admin@gmail.com, 2022-05-24 00:53:05.250392
Remove book from library, 2022-05-24 00:53:06.765196
Sign in as admin@gmail.com, 2022-05-24 00:54:06.472089
Remove book from library, 2022-05-24 00:54:07.975905
Sign in as admin@gmail.com, 2022-05-24 00:57:18.848256
Remove book from library, 2022-05-24 00:58:42.085922
Sign in as admin@gmail.com, 2022-05-24 01:01:41.33751
Remove book from library, 2022-05-24 01:01:44.097093
Sign in as admin@gmail.com, 2022-05-24 01:06:38.324315
Remove book from library, 2022-05-24 01:06:39.853072
Add book, 2022-05-24 01:07:29.173196
Sign in as admin@gmail.com, 2022-05-24 01:09:22.889844
Remove book from library, 2022-05-24 01:09:27.683643
Add book, 2022-05-24 01:11:02.92826
Sign in as admin@gmail.com, 2022-05-24 01:14:36.908196
Sign in as admin@gmail.com, 2022-05-24 01:15:18.116242
Remove book from library, 2022-05-24 01:15:22.773176
Add book, 2022-05-24 01:15:36.015959
Sign in as admin@gmail.com, 2022-05-24 01:31:06.438247
Sign in as admin@gmail.com, 2022-05-24 01:45:07.865524
Sign in as a, 2022-05-24 01:49:19.539577
Sign up as b, 2022-05-24 01:50:26.124342
Sign in as b, 2022-05-24 01:50:31.184704
Sign in as b, 2022-05-24 01:50:50.541001
Sign in as a, 2022-05-24 02:05:03.110919
Sign in as a, 2022-05-24 02:05:50.48284
Sign in as a, 2022-05-24 02:06:04.803148
Sign out, 2022-05-24 02:06:08.577852
Sign up as c, 2022-05-24 02:06:40.015769
Sign in as c, 2022-05-24 02:06:44.620392
Sign in as a, 2022-05-24 02:11:29.187495
Sign out, 2022-05-24 02:11:30.999697
Sign in as a, 2022-05-24 02:13:08.230556
Sign out, 2022-05-24 02:13:10.493189
Sign in as a, 2022-05-24 02:13:12.952735
Sign out, 2022-05-24 02:13:15.698892
Sign in as admin@gmail.com, 2022-05-24 02:13:24.365252
Sign out, 2022-05-24 02:13:27.500507
Sign in as a, 2022-05-24 02:14:25.911296
Sign in as a, 2022-05-24 02:14:42.122488
Sign out, 2022-05-24 02:14:43.777053
Sign in as a, 2022-05-24 02:14:52.0555
Sign out, 2022-05-24 02:14:58.675907
Sign up as d, 2022-05-24 02:15:08.112552
Sign in as d, 2022-05-24 02:15:18.236728
Sign in as a, 2022-05-25 15:38:08.896903
List libraries, 2022-05-25 15:38:14.784752
Sign in as a, 2022-05-25 15:39:27.821657
List libraries, 2022-05-25 15:39:28.880238
List one library, 2022-05-25 15:39:46.994587
Sign in as a, 2022-05-25 15:40:42.527727
List libraries, 2022-05-25 15:40:43.634156
List one library, 2022-05-25 15:40:44.448878
Print sorted libraries, 2022-05-25 15:40:47.93133
Rate a library, 2022-05-25 15:40:58.312031
Add order, 2022-05-25 15:41:03.950017
Cancel order, 2022-05-25 15:41:10.265459
Sign in as a, 2022-05-25 15:42:29.373856
List libraries, 2022-05-25 15:42:31.402668
List one library, 2022-05-25 15:42:32.177179
Print sorted libraries, 2022-05-25 15:42:32.878546
Add order, 2022-05-25 15:42:34.444724
Cancel order, 2022-05-25 15:42:38.414263
Sign out, 2022-05-25 15:42:40.118129
Sign in as admin@gmail.com, 2022-05-25 15:42:51.538712
Add a library, 2022-05-25 15:43:01.056154
Add book to library, 2022-05-25 15:43:52.48562
Add offer, 2022-05-25 15:44:15.588425
List libraries, 2022-05-25 15:44:36.238318
Update manual grade, 2022-05-25 15:45:07.889091
Sign out, 2022-05-25 15:45:48.175343
Sign in as a, 2022-05-25 15:45:51.738137
List one library, 2022-05-25 15:45:54.987211
Rate a library, 2022-05-25 15:46:08.385528
Print sorted libraries, 2022-05-25 15:46:18.813214
Add order, 2022-05-25 15:46:23.771091
Cancel order, 2022-05-25 15:47:06.006371
Sign in as a, 2022-05-25 15:52:13.23934
Sign up as 2, 2022-05-25 15:53:26.607848
Sign in as 2, 2022-05-25 15:53:30.961391
Sign in as a, 2022-05-25 15:53:48.682384
List libraries, 2022-05-25 15:53:52.149409
List one library, 2022-05-25 15:53:53.062404
Print sorted libraries, 2022-05-25 15:53:53.721484
Sign out, 2022-05-25 15:54:07.504207
Sign in as admin@gmail.com, 2022-05-25 15:54:15.468726
Add a library, 2022-05-25 15:54:18.146658
Add book to library, 2022-05-25 15:54:54.516997
Add book to database, 2022-05-25 15:56:15.702459
List libraries, 2022-05-25 15:56:38.968128
Update manual grade, 2022-05-25 15:56:42.034004
Sign out, 2022-05-25 15:57:06.412902
Sign in as a, 2022-05-25 15:57:08.511582
Rate a library, 2022-05-25 15:57:12.321584
List one library, 2022-05-25 15:57:25.308824
Add order, 2022-05-25 15:57:30.2807
Cancel order, 2022-05-25 15:58:00.340841
Rate a library, 2022-05-25 15:58:04.521841
Print sorted libraries, 2022-05-25 15:58:11.63186
Rate a library, 2022-05-25 15:58:32.425748
Print sorted libraries, 2022-05-25 15:58:40.227601
Sign out, 2022-05-25 15:58:47.801462
Sign in as admin@gmail.com, 2022-05-25 15:58:54.307903
Remove library, 2022-05-25 15:58:56.562091
List libraries, 2022-05-25 15:59:01.80819
Sign out, 2022-05-25 15:59:04.976598
Sign in as a, 2022-05-25 15:59:07.972081
Sign in as admin@gmail.com, 2022-05-25 17:22:56.984383
Add a library, 2022-05-25 17:23:02.56052
Add book to library, 2022-05-25 17:23:54.636614
List one library, 2022-05-25 17:24:03.226912
Update manual grade, 2022-05-25 17:24:08.582855
Sign out, 2022-05-25 17:24:23.0115
Sign in as a, 2022-05-25 17:24:25.122024
List libraries, 2022-05-25 17:24:27.473357
Rate a library, 2022-05-25 17:24:34.039069
Print sorted libraries, 2022-05-25 17:24:41.998009
Add order, 2022-05-25 17:24:53.687003
Cancel order, 2022-05-25 17:25:16.321378
Sign in as admin@gmail.com, 2022-05-25 18:10:29.81708
Add a library, 2022-05-25 18:10:34.080835
List libraries, 2022-05-25 18:11:52.561912
Add book to library, 2022-05-25 18:12:04.456883
Update manual grade, 2022-05-25 18:12:18.378006
Remove library, 2022-05-25 18:13:07.225903
List libraries, 2022-05-25 18:13:11.521221
